id,name,email,password
1,aaa,yy@gyg,aaaaaa
2,a,sses@sa,ddddd
3,aaa@aa,aaaa@a,aaaaaa
4,asss,aa@aa,aaaaa
5,sds,dff@dd,ddgfc
6,dddd,aaa@a,aaaaaaa
7,aaa,aaa@a,aaaaa
8,aaaa,ssa@sa,aasa
9,aaass,ssss@s,sssssss
10,aaa,aaa@a,aaaaaaa
11,dd,sss@ss,ssssss
12,ddd,ddd@dd,dddddd
13,xxxxvf,ffff@gg,zzzzz
14,dkkd,sss@dd,sssssss
15,pp,pp@p,ppppp
16,bbb,b@b,bbbb
17,aaa,aaa@aa,dddddfd
18,hankunhao,eemail@email.com,qqqqqqqqq
19,djfj,jdhsj@dd,dhdhhdhd
20,djfj,jdhsj@dd,dhdhhdhd
21,djfj,jdhsj@dd,dhdhhdhd
22,djfj,jdhsj@dd,dhdhhdhd
23,djfj,jdhsj@dd,dhdhhdhd
24,aaa,aaa@aa,aaaaa
25,djfj,jdhsj@dd,dhdhhdhd
26,djfj,jdhsj@dd,dhdhhdhd
27,djfj,jdhsj@dd,dhdhhdhd
28,djfj,jdhsj@dd,dhdhhdhd
29,xxxsjd,sss@ss,ssssss
30,djfj,jdhsj@dd,dhdhhdhd
31,djfj,jdhsj@dd,dhdhhdhd
32,fgfgf,kjsjdj@djdj,sdddssss
33,djfj,jdhsj@dd,dhdhhdhd
34,kan,hankunhao@kksoft.co.jp,kksoftpass
35,aaa,yy@gyg,aaaaaa
36,a,sses@sa,ddddd
37,aaa@aa,aaaa@a,aaaaaa
38,asss,aa@aa,aaaaa
39,sds,dff@dd,ddgfc
40,dddd,aaa@a,aaaaaaa
41,aaa,aaa@a,aaaaa
42,aaaa,ssa@sa,aasa
43,aaass,ssss@s,sssssss
44,aaa,aaa@a,aaaaaaa
45,dd,sss@ss,ssssss
46,ddd,ddd@dd,dddddd
47,xxxxvf,ffff@gg,zzzzz
48,dkkd,sss@dd,sssssss
49,pp,pp@p,ppppp
50,bbb,b@b,bbbb
51,aaa,aaa@aa,dddddfd
52,hankunhao,eemail@email.com,qqqqqqqqq
53,djfj,jdhsj@dd,dhdhhdhd
54,djfj,jdhsj@dd,dhdhhdhd
55,djfj,jdhsj@dd,dhdhhdhd
56,djfj,jdhsj@dd,dhdhhdhd
57,djfj,jdhsj@dd,dhdhhdhd
58,aaa,aaa@aa,aaaaa
59,djfj,jdhsj@dd,dhdhhdhd
60,djfj,jdhsj@dd,dhdhhdhd
61,djfj,jdhsj@dd,dhdhhdhd
62,djfj,jdhsj@dd,dhdhhdhd
63,xxxsjd,sss@ss,ssssss
64,djfj,jdhsj@dd,dhdhhdhd
65,djfj,jdhsj@dd,dhdhhdhd
66,fgfgf,kjsjdj@djdj,sdddssss
67,djfj,jdhsj@dd,dhdhhdhd
68,kan,hankunhao@kksoft.co.jp,kksoftpass
69,aaa,yy@gyg,aaaaaa
70,a,sses@sa,ddddd
71,aaa@aa,aaaa@a,aaaaaa
72,asss,aa@aa,aaaaa
73,sds,dff@dd,ddgfc
74,dddd,aaa@a,aaaaaaa
75,aaa,aaa@a,aaaaa
76,aaaa,ssa@sa,aasa
77,aaass,ssss@s,sssssss
78,aaa,aaa@a,aaaaaaa
79,dd,sss@ss,ssssss
80,ddd,ddd@dd,dddddd
81,xxxxvf,ffff@gg,zzzzz
82,dkkd,sss@dd,sssssss
83,pp,pp@p,ppppp
84,bbb,b@b,bbbb
85,aaa,aaa@aa,dddddfd
86,hankunhao,eemail@email.com,qqqqqqqqq
87,djfj,jdhsj@dd,dhdhhdhd
88,djfj,jdhsj@dd,dhdhhdhd
89,djfj,jdhsj@dd,dhdhhdhd
90,djfj,jdhsj@dd,dhdhhdhd
91,djfj,jdhsj@dd,dhdhhdhd
92,aaa,aaa@aa,aaaaa
93,djfj,jdhsj@dd,dhdhhdhd
94,djfj,jdhsj@dd,dhdhhdhd
95,djfj,jdhsj@dd,dhdhhdhd
96,djfj,jdhsj@dd,dhdhhdhd
97,xxxsjd,sss@ss,ssssss
98,djfj,jdhsj@dd,dhdhhdhd
99,djfj,jdhsj@dd,dhdhhdhd
100,fgfgf,kjsjdj@djdj,sdddssss
101,djfj,jdhsj@dd,dhdhhdhd
102,kan,hankunhao@kksoft.co.jp,kksoftpass
